CommentID,Dataset,comment,FinalLabels,target,Discredit,Stereotyping,Harassment,Dominance,Threats,Blaming,Maternal,Damning,Objectification,Appearance,AntiLGBTQ
1,high-prob-with-keyword,After lots of iteration on the right way to expose this stuff I think I landed on the simplest possible solution that likely wont need huge refactoring in the nearterm Going over this with ADAM tomorrow but wanted to get this out with plenty of time for feedback before I leave for a week The documentationcomments are sorely lacking and theres a couple simple TODOs Im going to address these tomorrow so no need to prod too much on that,None,0,0,0,0,0,0,0,0,0,0,0,0
2,high-prob-with-keyword,in the customer churn table change the value of female as 1 and male as 0,None,0,0,0,0,0,0,0,0,0,0,0,0
3,high-prob-with-keyword,If i am an old lady who may doesnt have good sights I may need walk closer to see the bullentin board So I suggest if the size of letter can become larger would be grateful,None,0,0,0,0,0,0,0,0,0,0,0,0
4,high-prob-with-keyword,We need to create a user input field so we know weather to generate a male or female identity,None,0,0,0,0,0,0,0,0,0,0,0,0
5,high-prob-with-keyword,Why are there 3 different male and 2 female categories Is it case sensitivity issue 2 Interpretation,None,0,0,0,0,0,0,0,0,0,0,0,0
6,high-prob-with-keyword,Father i require more juice see keybindsjson and voila,None,0,0,0,0,0,0,0,0,0,0,0,0
7,high-prob-with-keyword,Where are the business women,None,0,0,0,0,0,0,0,0,0,0,0,0
8,high-prob-with-keyword,Update Home Page with Header The home page needs to have a header which says Coding Black Females Community,None,0,0,0,0,0,0,0,0,0,0,0,0
9,high-prob-with-keyword,Seriously My niece is 6 and can use bbcode better than you guys,None,0,0,0,0,0,0,0,0,0,0,0,0
10,high-prob-with-keyword,Raycast Girl Looking at Cameras so girl can see you if you shoot out of camera she is facing,None,0,0,0,0,0,0,0,0,0,0,0,0
11,high-prob-with-keyword,Not an issue but a request Would like a skin without the skirt since 2B looks much wider with the skirt it looks as if the skirt tried to extend to the sides Thanks,None,0,0,0,0,0,0,0,0,0,0,0,0
12,high-prob-with-keyword,Localize for WWP Yay Women Who WP,None,0,0,0,0,0,0,0,0,0,0,0,0
13,high-prob-with-keyword,Ignore this please I was having a blonde moment,None,0,0,0,0,0,0,0,0,0,0,0,0
14,high-prob-with-keyword,httpi5walmartimagescomdfwdce07b8cf897k2_4a0e9d51e2c94316a7b61ce21dfc8bb2v2jpg The game needs her syrupy goodness,None,0,0,0,0,0,0,0,0,0,0,0,0
15,high-prob-with-keyword,damn that lil woofer is too cute i think i haz cuteness overload,None,0,0,0,0,0,0,0,0,0,0,0,0
16,high-prob-with-keyword,Aunt Jemima is a female character Add the female attributes to her,None,0,0,0,0,0,0,0,0,0,0,0,0
17,high-prob-with-keyword,added license i do this because stella is lazy,None,0,0,0,0,0,0,0,0,0,0,0,0
18,high-prob-with-keyword,added conditionals to grandmarb shes still pretty deaf unfortunately,None,0,0,0,0,0,0,0,0,0,0,0,0
19,high-prob-with-keyword,Add Organization  Vue Vixens Add Vue Vixens  Vue Vixens are foxy people who identify as women and who want to learn Vuejs to make websites and mobile apps,None,0,0,0,0,0,0,0,0,0,0,0,0
20,high-prob-with-keyword,IN5A IN5B IN6 completed and added to framework Great team work ladies,None,0,0,0,0,0,0,0,0,0,0,0,0
21,lgbtq-keywords,Volunteer Orientation Seattle Lesbian  Gay Film Festival,None,0,0,0,0,0,0,0,0,0,0,0,0
22,lgbtq-keywords,Would be cool to add a flag that if the bio contains the transgender flag or pronouns the script fails,None,0,0,0,0,0,0,0,0,0,0,0,0
23,lgbtq-keywords,When introducing the US womens movement you recognize from the outset the drawbacks and criticism facing this wave lens of analysis It appears that this framework effectively highlights a social movement form as shaped by the white middleclass women Yet in the US there is a long track record of white activists reengineering or rebranding or reprioritizing social movement forms in which working class peoplepeople of color had already completed significant amounts of organizing and work  to make the movement more palatable to white mainstream America For example Gay Liberation was overhauled as a gay rights movement and priorities shifted from universal healthcare and antiracism to samesex marriage Was it a concern for you that using this framework of analysis possibly over emphasizes the contributions of white feminist activists and organizations How did you reconcile using the wave framework while still attempting to capture a representative essence of the movement,None,0,0,0,0,0,0,0,0,0,0,0,0
24,lgbtq-keywords,when data is queered from the serve array of categories id is generated,None,0,0,0,0,0,0,0,0,0,0,0,0
25,lgbtq-keywords,When a guy hooks up with a lot of girls hes a player But when I do it Im a lesbian,None,0,0,0,0,0,0,0,0,0,0,0,0
99,lgbtq-keywords,If I am not mistaken homosexual behavior has been documented in many species from bonobos to mosquitoes It seems I am correct,None,0,0,0,0,0,0,0,0,0,0,0,0
100,lgbtq-keywords,I was struck by their incredible resilience joy and determination in fighting for their LGBTQ rights in a country where homosexuality is still illegal I wanted to make something that simply told their story about strength life and a need to love freely in Freetown,None,0,0,0,0,0,0,0,0,0,0,0,0
101,lgbtq-keywords,I tried to push an updated survey_immigration based on surveys used in gay rights project httpsgithubcomfsoltdcpo_gayrightsissues4 but I was forbidden to push,None,0,0,0,0,0,0,0,0,0,0,0,0
102,lgbtq-keywords,I think it would be good to have definitions for the following  Queer  Nonbinary  Asexual  Aromantic  Allosexual  Alloromantic  NeurotypicalNeuroatypical  Body Positivity or something relating to sizeism anyway  could also include fat shaming siziesim thin privilige  Invisible Illness Im sure Im missing some other ones but I think these would make great additions to our shiny new glossary ,None,0,0,0,0,0,0,0,0,0,0,0,0
103,lgbtq-keywords,I need a gay character,None,0,0,0,0,0,0,0,0,0,0,0,0
104,lgbtq-keywords,i know this sounds idiotic but because im an absolute trash bisexual i have developed quite the thing for pierre no current marriage mods make him romanceablemarryable and id like to change that however im not a coder,None,0,0,0,0,0,0,0,0,0,0,0,0
105,lgbtq-keywords,I have no problem with a transgender finding love but Im simply not interested in dating someone who falls into that category,None,0,0,0,0,0,0,0,0,0,0,0,0
106,lgbtq-keywords,I found when I use apscheduler to execute cancel job with requests on the same machine with scrapyd I can receive scrapyd response successful but cannot cancel the job With curl or postman there is no problemFinally I add a argument signalTERM to the canceljson its just ok very queer ,None,0,0,0,0,0,0,0,0,0,0,0,0
107,lgbtq-keywords,I focused more on reading rather than coding Currently Im reading Transgender History by Susan Stryker Something that I had learne,None,0,0,0,0,0,0,0,0,0,0,0,0
108,lgbtq-keywords,I am once again making a test O_o O_o UwU gaymer,None,0,0,0,0,0,0,0,0,0,0,0,0
109,lgbtq-keywords,However we find that the label homosexual has emerged to be much more strongly associated with dehumanizing attitudes than other labels such as gay Our proposed techniques highlight processes of linguistic variation and change in discourses surrounding marginalized groups,None,0,0,0,0,0,0,0,0,0,0,0,0
110,lgbtq-keywords,However lesbians cannot be detected and are counted up only when they are witnessed,None,0,0,0,0,0,0,0,0,0,0,0,0
111,lgbtq-keywords,Hi Succes met nakijken Groetjes Tommy,None,0,0,0,0,0,0,0,0,0,0,0,0
112,lgbtq-keywords,Hi team Im currently moving house but Im hoping to get a new version up by the end of the month The move is going to give me a couple more free hours every day and I would like to be more active on this again That said its really not fair to anyone that updates are entirely dependent on my personal schedule Theres a few ways we can mitigate this without giving any one person total control of the project and I thought it was worth discussing One options is that we either find or found a small LGBT organisation to manage this aspect and the members of that organisation would be responsible for pushing updates to the web stores Another option is that we set up Group Publishinghttpsdeveloperchromecomwebstoregrouppublishers and add other trusted accounts to the plugin for the Chrome and Firefox web stores then updates can be pushed by multiple people Any ideas and suggestions welcome Thank you all for contributing to Deadname Remover We recently hit thirty thousand Chrome installs,None,0,0,0,0,0,0,0,0,0,0,0,0
113,lgbtq-keywords,Hi my name is Thomas I am 17 years old and this is my about me Im pansexual and transgender I spend most of my free time coding or playing video games with my amazing friends I personally love,None,0,0,0,0,0,0,0,0,0,0,0,0
114,lgbtq-keywords,hi gays i am new in asterisk and this question make me in problem can i make a call to an extension using nodeariclient ARI APIs if yes tell me how and if no give me a key for do it using api thank you,None,0,0,0,0,0,0,0,0,0,0,0,0
115,lgbtq-keywords,Hi gaymers Im new to open source and I really want to find an image editor to contribute to I wanted to contribute to this project but I found that you have over 5500 files with the offensive slur gimp in their name   cd Glimpse  find   grep gimp  greptxt  wc l greptxt 5567  Is there a reason that the devs chose to name the files this way I dont feel comfortable working on something like this Here is the full list of files with the slur in their name greptxthttpsgithubcomglimpseeditorGlimpsefiles6066317greptxt,None,0,0,0,0,0,0,0,0,0,0,0,0
116,lgbtq-keywords,Hey gays This is a very very urgent pull request Please hurry up,None,0,0,0,0,0,0,0,0,0,0,0,0
117,lgbtq-keywords,Hello there  With a group of queer friends from the french LGBT community NextGaymer httpsnextgaymercom we decided to try advocating for LGBT themed indie games and their authors and help them make their awesome stuff be more accessible to french speakers After a bit of digging around on itchio we found Butterfly Soup and loved it  And we would love to help and contribute a french translation to it if its fine with you  In order to spread the word about the game to frenchspeakers we then would like to stream this translated version during our third Online Festival at the beginning of april So we wondered if there is anything we could do to ease the integration of the translation in the game given that some of us are devs including me by then  Looking forward to your answer and to help bringing great queer content reach more people in the world ,None,0,0,0,0,0,0,0,0,0,0,0,0
118,lgbtq-keywords,Hello my name is Korin and Im a bisexual,None,0,0,0,0,0,0,0,0,0,0,0,0
119,lgbtq-keywords,Great plugin guys This has really helped me out However Id really like to be able to use the noperms rsync flag so that rsync doesnt chown once its sent the files Is this possible Thanks,None,0,0,0,0,0,0,0,0,0,0,0,0
120,lgbtq-keywords,Great job gays i really love design and the why you organized you structure and functions but i think we all misunderstand error handling we most work hard to get specific error,None,0,0,0,0,0,0,0,0,0,0,0,0
121,lgbtq-keywords,gay lesbian bisexual and trans Have we tested this with the community Is it representative enough,None,0,0,0,0,0,0,0,0,0,0,0,0
122,lgbtq-keywords,Gay Bar is not a restaurant,None,0,0,0,0,0,0,0,0,0,0,0,0
123,lgbtq-keywords,For instance transgender women with F markers may report being asked to take a pregnancy test before xrays despite being unable to become pregnant these facilities are likely not asking transgender men who CAN become pregnant to take pregnancy tests This creates validity challenges with countless diagnostic and treatment tasks all of which can also bear the risk of both stigma and medical risk when we get things wrong,None,0,0,0,0,0,0,0,0,0,0,0,0
124,lgbtq-keywords,For instance look at the problem with homosexuality in the bible Be good and dont be gay For a large majority of people theyll be good and they wont be gay They werent gay in the first place so its no problem But what of the other 1 This mass adoption of values causes so much anxiety stress and destroyed relationships,None,0,0,0,0,0,0,0,0,0,0,0,0
125,lgbtq-keywords,For example click on bisexual tag and get taken to search page with other organizations with a bisexual tag,None,0,0,0,0,0,0,0,0,0,0,0,0
126,lgbtq-keywords,for all my queer people out there,None,0,0,0,0,0,0,0,0,0,0,0,0
127,lgbtq-keywords,fix The lesbian flag pin is no longer upside down,None,0,0,0,0,0,0,0,0,0,0,0,0
128,lgbtq-keywords,fix lesbian flag pin sprite,None,0,0,0,0,0,0,0,0,0,0,0,0
129,lgbtq-keywords,finished sapphic post,None,0,0,0,0,0,0,0,0,0,0,0,0
130,lgbtq-keywords,Federal judge strikes down Tennessees transgender bathroom sign lawSummarySome politions wanted to make a law requiring all bathrooms to have a sign that stated if they allowed trans,None,0,0,0,0,0,0,0,0,0,0,0,0
131,lgbtq-keywords,Ero Detection App  Not detecting lesbian activity,None,0,0,0,0,0,0,0,0,0,0,0,0
132,lgbtq-keywords,eg select the trans flag then type lesbian It considers it valid as soon as it finds the s,None,0,0,0,0,0,0,0,0,0,0,0,0
133,lgbtq-keywords,Do you believe that gay men and lesbians should be free to live their own life as they wish Should it be their own lives ,None,0,0,0,0,0,0,0,0,0,0,0,0
134,lgbtq-keywords,Currently when members are in a voice chat and they become restricted nothing happens to them This will move them to AFK when theyre restricted As a fallback if the AFK channel cant be found for some reason it will mutedeafen them Closes gaymersdiscordDiscoBot202,None,0,0,0,0,0,0,0,0,0,0,0,0
135,lgbtq-keywords,Created Lesbian Artist Statements file,None,0,0,0,0,0,0,0,0,0,0,0,0
136,lgbtq-keywords,Could you develop a method for transmutation where you specify the power and it transmutes rather than based on the flux thanks Tommy,None,0,0,0,0,0,0,0,0,0,0,0,0
137,lgbtq-keywords,Controversies are expected about the proposal but I really hope our homosexual friends can wait a bit longer  he said in a statement This might fall short of expectations but after all its a start,None,0,0,0,0,0,0,0,0,0,0,0,0
138,lgbtq-keywords,Content for most wonderful gays,None,0,0,0,0,0,0,0,0,0,0,0,0
139,lgbtq-keywords,Completion 5 Comprehension Yikes Comments Definitely need more practice and review after cohort,None,0,0,0,0,0,0,0,0,0,0,0,0
140,lgbtq-keywords,By default the flag should contain n strips of equal width with colors in order but some flags work differently For example the transgender flag has symmetrical stripes These flags should have custom plotting functions,None,0,0,0,0,0,0,0,0,0,0,0,0
141,lgbtq-keywords,Bisexual homosexual or similar words that are considered sexual orientation should not be considered dirty naughty or obscene in any matter But maybe I misunderstood the purpose of this project,None,0,0,0,0,0,0,0,0,0,0,0,0
142,lgbtq-keywords,bisexual pride,None,0,0,0,0,0,0,0,0,0,0,0,0
143,lgbtq-keywords,Bisexual and Pansexual Identities Exploring and Challenging Invisibility and Invalidation,None,0,0,0,0,0,0,0,0,0,0,0,0
144,lgbtq-keywords,At time of writing we currently have three gender options  male female and undisclosed These are core parts of the sites functionality as theyre used to match users I am wondering if there are any plans to add gender options for transgender users If not Id like to put forward the suggestion,None,0,0,0,0,0,0,0,0,0,0,0,0
145,lgbtq-keywords,At least in Ballad of Gay Tony the loading screens are often infinite Setting video memory to ridiculous values like 30 as suggested countless times on the internet doesnt help,None,0,0,0,0,0,0,0,0,0,0,0,0
146,lgbtq-keywords,as many of you may know the creator of the monocle engine is transgender therefore her name is maddy thorson as she said I have also fixed the link and changed the name from Matt Thorson to Maddy Thorson,None,0,0,0,0,0,0,0,0,0,0,0,0
147,lgbtq-keywords,As a queer user I need a way to quickly navigate away from the site so that I can keep myself safe,None,0,0,0,0,0,0,0,0,0,0,0,0
148,lgbtq-keywords,As a queer person soon to be married I want to find country specific samesex marriage laws so that I can plan my wedding abroad,None,0,0,0,0,0,0,0,0,0,0,0,0
149,lgbtq-keywords,As a local or an experienced traveller I want to enter text so that I can recommend places to other Black queer people,None,0,0,0,0,0,0,0,0,0,0,0,0
150,lgbtq-keywords,As a Black queer person who owns a business I want to contact the admin so that I can promote my business,None,0,0,0,0,0,0,0,0,0,0,0,0
151,lgbtq-keywords,As a currently largely anonymous website on the internet some people are going to have issues with users who are visibly transgender and not want to encounter them and potentially visibly transgender users are going to have a problem with those users  who they likely also dont want to encounter Undisclosed can be used defacto for this purpose but undisclosed isnt transmalefemale and selecting the option for ones given birth gender is obviously going to be out of the question for these users,None,0,0,0,0,0,0,0,0,0,0,0,0
152,lgbtq-keywords,Around 44 of lesbian and 61 of bisexual women have experienced forms of rape and physical violence by an intimate partner as compared to 35 of straight women,None,0,0,0,0,0,0,0,0,0,0,0,0
153,lgbtq-keywords,Apple Facebook Google Cheer on San Francisco Gay Pride Parade,None,0,0,0,0,0,0,0,0,0,0,0,0
154,lgbtq-keywords,And pink too its color of lesbians,None,0,0,0,0,0,0,0,0,0,0,0,0
155,lgbtq-keywords,All events are intended for people who identify as female or transgender Men are encouraged to attend only when noted on a specific event A few concerns andor questions that I have 1 female or transgender implies that one cannot be both this language could be I am assuming unintentionally discouraging to trans women who often identify as both female _and_ transgender Perhaps this could be changed to All events are intended for people who identify as female andor transgender 2 Female implies a focus on bodies instead of identity I am assuming that the latter is in fact the stronger focus of the organization Perhaps this could be changed to All events are intended for people who identify as women andor transgender 3 Regarding andor transgender are transgender people who do not identify as women considered to fall within the category of Women Who Code If so why If not it seems to me that it would make more sense if this sentence were changed to something like All events are intended for people who identify as women or to express inclusivity which seems to be the purpose of this line in the first place All events are intended for people who identify as women including trans women Just some thoughts interested to know what people think,None,0,0,0,0,0,0,0,0,0,0,0,0
156,lgbtq-keywords,Align female  transgender male inclusion criteria with data elements spreadsheet,None,0,0,0,0,0,0,0,0,0,0,0,0
157,lgbtq-keywords,Adds support for multiple channels and added a config example instead of commiting the actual config to the repo Seems to work ok dont be harsh on me first time doing c ,None,0,0,0,0,0,0,0,0,0,0,0,0
158,lgbtq-keywords,adds new pool topic to toggle transgender status,None,0,0,0,0,0,0,0,0,0,0,0,0
159,lgbtq-keywords,Adds Mee6 DiscoBot and Bot Commander This wont be such a hassle once we have gaymersdiscordDiscoBot110,None,0,0,0,0,0,0,0,0,0,0,0,0
160,lgbtq-keywords,Adding Queer Eye Themes because theyre awesome,None,0,0,0,0,0,0,0,0,0,0,0,0
161,lgbtq-keywords,Added new reddit capability and lesbian flag,None,0,0,0,0,0,0,0,0,0,0,0,0
162,lgbtq-keywords,Add to definition of transgender,None,0,0,0,0,0,0,0,0,0,0,0,0
163,lgbtq-keywords,add some hacking related lesbians,None,0,0,0,0,0,0,0,0,0,0,0,0
164,lgbtq-keywords,Add Goldman Sachs and Lesbians Who Tech event,None,0,0,0,0,0,0,0,0,0,0,0,0
165,lgbtq-keywords,add aliases for homosexual couples,None,0,0,0,0,0,0,0,0,0,0,0,0
166,lgbtq-keywords,add 109 crafty queers and clothing swap,None,0,0,0,0,0,0,0,0,0,0,0,0
167,lgbtq-keywords,About usContact page or email address for Black Queer Travel Guide,None,0,0,0,0,0,0,0,0,0,0,0,0
168,lgbtq-keywords,A administrator had created a BMLT meeting format with trailing whitespace GetSearchResults jsonp returns the format string for a meeting using this format as  formats CLGBTQI NCGB  However the GetFormats call does not return the trailing whitespace   key_string LGBTQI name_string LGBTQI description_string This meeting is focused on the needs of Lesbian Gay Bisexual Transgender Queer and Intersex members of NA lang en id 10 world_id GL root_server_uri httpsnaorgaumain_server format_type_enum FC3   This causes lookups based on a simple split format string by comma to fail Whilst this can be worked around on the client side ideally wed sanitise on input to prevent this from occuring if not a historical issue,None,0,0,0,0,0,0,0,0,0,0,0,0
169,lgbtq-keywords, What would you like us to improve I understand easily http get method thanks to people you gays done good work I that it is good to provide some examples for post method  i am entirely new to i not able to understand this post method like post the some  How important it is Highly,None,0,0,0,0,0,0,0,0,0,0,0,0
170,lgbtq-keywords, Add omnisexual sapphic  Add Jetbrains project dir to gitignore,None,0,0,0,0,0,0,0,0,0,0,0,0
171,lgbtq-keywords, Im not sure if Im posting this issue in the right place I cant find any contact details on the site and this Github account came up when I googled unmung github  Eg queerparty httpwwwunmungcommastoviewurlqueerpartyviewlocal no feed found  is queerparty running 111 or higher httpsqueerpartyabout is running v351trans_rights,None,0,0,0,0,0,0,0,0,0,0,0,0
172,lgbtq-keywords, Zilliqa  Update Add Github GAYMER,None,0,0,0,0,0,0,0,0,0,0,0,0
173,lgbtq-keywords,I can now report that I did not invent my own imaginary Sapphic poem in our last meeting There actually exists a fragment that you can find under Sappho OR Alcaeus in Campbell  and under Incerti Auctoris in Voigt ,None,0,0,0,0,0,0,0,0,0,0,0,0
174,lgbtq-keywords,   I hate people being put into boxes    Pain needs a rework    mental health    Queer    Neurodiversity    Trauma    Grief,None,0,0,0,0,0,0,0,0,0,0,0,0
175,lgbtq-keywords,Whats your sexualityI identify as pansexual due to the fact that I dont like how bisexual doesnt include trans,None,0,0,0,0,0,0,0,0,0,0,0,0
176,lgbtq-keywords,Growing up in Los Angeles as an African American lesbian in the 1960s Gevin found that the world wasnrsquot always forgiving,None,0,0,0,0,0,0,0,0,0,0,0,0
177,lgbtq-keywords,Additionally I would suggest looking into the possibility of overfitting to gender specifically for transgender individuals A very high percentage of respondents who are transgender are aware of care options but if there are not many transgender respondents this may not be representative of transgender individuals and may overfit to those who have responded They also may have some redundant features shown in their random forest data such as age and age_range,None,0,0,0,0,0,0,0,0,0,0,0,0
178,lgbtq-keywords, Title  Zilliqa  Add blog link Gaymer  Updating a token  x Make sure to rebase or clean your history  x PR doesnt have any merge conflict  x In case you are migrating a token delete the old folder in the same PR,None,0,0,0,0,0,0,0,0,0,0,0,0
179,lgbtq-keywords,An issue from the Queer narratives mapped 2 workshop,None,0,0,0,0,0,0,0,0,0,0,0,0
180,lgbtq-keywords, Title Zilliqa Update Website GAYMER  Updating a token  x Make sure to rebase or clean your history  x PR doesnt have any merge conflict  x  In case you are migrating a token delete the old folder in the same PR Make sure your meta JSON is validhttpsjsonlintcom at all times before submitting a PR and conforms to the spec PRs will be closed without notice if failing to follow these simple instructions,None,0,0,0,0,0,0,0,0,0,0,0,0
181,lgbtq-keywords, Title zilliqa Update Gaymer GAYMER  Updating a token  x Make sure to rebase or clean your history  x PR doesnt have any merge conflict  x In case you are migrating a token delete the old folder in the same PR,None,0,0,0,0,0,0,0,0,0,0,0,0
182,no-keyword,This means that track will only get trackremoved if it has a teardown defined I dont think that is right and this should be moved outside this if block maybe right below the indexWasAt  index statement,None,0,0,0,0,0,0,0,0,0,0,0,0
183,no-keyword,Yep you are right the problem is that we dont know if more headers have been added Another option is to create a refresh method and call it from outside every time a new header is createdremoved Makes sense for me,None,0,0,0,0,0,0,0,0,0,0,0,0
184,no-keyword,I think you might need to prefix the string with  like above because of some other processing we do later on the chain with error messages Also if we dont allow the comma at all in a collection title the reserved string  doesnt make sense sin,None,0,0,0,0,0,0,0,0,0,0,0,0
185,no-keyword,I think autosubmitting to cause a full page refresh would be a pretty bad experience so Id probably prefer they had to trigger the submit manually,None,0,0,0,0,0,0,0,0,0,0,0,0
186,no-keyword,Yes Im removing it now  thanks for noticing this,None,0,0,0,0,0,0,0,0,0,0,0,0
187,no-keyword,Parentheses are not needed if parsedimage is not None,None,0,0,0,0,0,0,0,0,0,0,0,0
188,no-keyword,file name need to update and move to api folder,None,0,0,0,0,0,0,0,0,0,0,0,0
189,no-keyword,Why this last comma,None,0,0,0,0,0,0,0,0,0,0,0,0
190,no-keyword,Yeah specifically here lets also not load the entire file into memory just for the first 10 lines,None,0,0,0,0,0,0,0,0,0,0,0,0
191,no-keyword,What do you mean by this is a static class Theres really no such thing Do you mean abstract class,None,0,0,0,0,0,0,0,0,0,0,0,0
192,no-keyword,Just as a reminder you probably also want to update the Rubocop version here httpsgithubcomexercismwebsiteblobmaingithubworkflowstestsymlL28,None,0,0,0,0,0,0,0,0,0,0,0,0
193,no-keyword,Simons meeting on Friday afternoon was about moving to reqloggermethod as that way we can track an error from start to finish using the correlation id,None,0,0,0,0,0,0,0,0,0,0,0,0
194,no-keyword,yeah fixed that and case should have been frac autotyping error,None,0,0,0,0,0,0,0,0,0,0,0,0
195,no-keyword,minor end new enum members with  its valid C and it means the next update wont create a larger diff since your line wont have to be modified,None,0,0,0,0,0,0,0,0,0,0,0,0
196,no-keyword,Are these loops really good candidates for dynamic scheduling The probability of load imbalance seems low without any control flow,None,0,0,0,0,0,0,0,0,0,0,0,0
197,no-keyword,I dont think so I can see this being useful in some situations or tasks during development,None,0,0,0,0,0,0,0,0,0,0,0,0
198,no-keyword,It shouldnt be caught as it is caught again and converted to InvalidListenerConfigurationException at a higher level the check method We can just replace if thisisCallable to thislistenerFactorycreatedefinition,None,0,0,0,0,0,0,0,0,0,0,0,0
296,no-keyword,please add description what this test is intended to check,None,0,0,0,0,0,0,0,0,0,0,0,0
297,no-keyword,Just moving the  into AxisMapping itself for consistency with DimensionMapping,None,0,0,0,0,0,0,0,0,0,0,0,0
298,no-keyword,good catch pun intended,None,0,0,0,0,0,0,0,0,0,0,0,0
299,no-keyword,Does the Parameters file no longer need removing,None,0,0,0,0,0,0,0,0,0,0,0,0
300,no-keyword,Update this trigger If it is possible to minimize the logic,None,0,0,0,0,0,0,0,0,0,0,0,0
301,no-keyword,Was failing without it,None,0,0,0,0,0,0,0,0,0,0,0,0
302,no-keyword,same as above comment,None,0,0,0,0,0,0,0,0,0,0,0,0
303,no-keyword,This test doesnt test anything except whether you defined the variable or not If you want to test whether the filter does anything you should do that by asserting what is and is not on the page after you render it,None,0,0,0,0,0,0,0,0,0,0,0,0
304,no-keyword,maybe explicitly set dir to be an int8_t,None,0,0,0,0,0,0,0,0,0,0,0,0
305,no-keyword,just thinking from the exam perspective if someones asked about this piece of code its immediately clear where does it take that number from,None,0,0,0,0,0,0,0,0,0,0,0,0
306,no-keyword,yes both of them will have the typeofgoal field,None,0,0,0,0,0,0,0,0,0,0,0,0
307,no-keyword,Thanks for pointing this Will verify in the code Will fix that if there is no default value passed,None,0,0,0,0,0,0,0,0,0,0,0,0
308,no-keyword,kostyrin I confirmed that If we need to improve performance we can minimize event with ObjectId and ObjectType,None,0,0,0,0,0,0,0,0,0,0,0,0
309,no-keyword,Put this comment about the structure of the GSAs email on the regex not here,None,0,0,0,0,0,0,0,0,0,0,0,0
310,no-keyword,Seems like the response here differs from the response for the GCS equivalent method Should they conform to the same interface,None,0,0,0,0,0,0,0,0,0,0,0,0
311,no-keyword,It is very similar to the previous section Could it be merged Only the copy from the partial buffer to the display buffer is different not exactly it is similar but not done the same way,None,0,0,0,0,0,0,0,0,0,0,0,0
312,no-keyword,Can we name this even more clearly Is this a building block for the details view forms or for lists,None,0,0,0,0,0,0,0,0,0,0,0,0
313,no-keyword,hmm thats weird Cant we remove the  as we already have a check wheather selectedTimeSlotstart is defined before that,None,0,0,0,0,0,0,0,0,0,0,0,0
314,no-keyword,Is this correct Why do we compare the results from dereferencing the iterator and the sentinel,None,0,0,0,0,0,0,0,0,0,0,0,0
315,no-keyword,Use font family from theme,None,0,0,0,0,0,0,0,0,0,0,0,0
316,no-keyword,I know well sort them as far as Im concerned that should be the exception and definitely not happen intentionally its rather annoying if you want to git blame the entry which I actually do quite often,None,0,0,0,0,0,0,0,0,0,0,0,0
317,no-keyword,Can try calling a transformation on a deployed emp that uses the transformation such as one of the public view functions Could also check that the deployed emp has the library set correctly to the address you created,None,0,0,0,0,0,0,0,0,0,0,0,0
318,no-keyword,vinnyjth should we really use String here or should we make our own type Im thinking to enforce a certain convention or something,None,0,0,0,0,0,0,0,0,0,0,0,0
319,no-keyword,Unrelated to the PR but a minor text inaccuracy from a previous contribution so I fix it here,None,0,0,0,0,0,0,0,0,0,0,0,0
320,no-keyword,having a callback function make sense in the course_user_datum but then it should call functions in the watchlistrb model to do the actual update Do let me know if this is not clear,None,0,0,0,0,0,0,0,0,0,0,0,0
321,no-keyword,Thanks for this It was the missing piece in how I would be able to generalize the solution more Ive updated to use this as well as cut the global state for the driver in favor of using status variables on the driver,None,0,0,0,0,0,0,0,0,0,0,0,0
322,no-keyword,Yeah thats exactly how Im going to implement this I just havent done it yet,None,0,0,0,0,0,0,0,0,0,0,0,0
323,no-keyword,You might want to verify here the abovementioned actions have been dispatched,None,0,0,0,0,0,0,0,0,0,0,0,0
324,no-keyword,Gotcha Im going to fix this,None,0,0,0,0,0,0,0,0,0,0,0,0
325,no-keyword,Yes I indeed do want to be certain that were overriding smile,None,0,0,0,0,0,0,0,0,0,0,0,0
326,no-keyword,Function report_setting refactored with the following changes  Hoist repeated code outside conditional statement hoiststatementfromif,None,0,0,0,0,0,0,0,0,0,0,0,0
327,no-keyword,Are we going to add support to offline sdk and use here a new use case,None,0,0,0,0,0,0,0,0,0,0,0,0
328,no-keyword,This ones debatable but I think the original scope is more accurate Its not a resourcetargeting script  it actually has direct effects on our final build products,None,0,0,0,0,0,0,0,0,0,0,0,0
329,no-keyword,Can you copy the link to our open positions from the bottom of our current root README,None,0,0,0,0,0,0,0,0,0,0,0,0
330,no-keyword,Done sorry about the delay I somehow missed that comment,None,0,0,0,0,0,0,0,0,0,0,0,0
2111,high-prob-with-keyword,yo mama so fat im actually really concerned about her health,"Physical appearance, Maternal insults",1,0,0,0,0,0,0,1,0,0,1,0
2113,high-prob-with-keyword,Yo mama so fat she fall of both sides of the bed,"Physical appearance, Maternal insults",1,0,0,0,0,0,0,1,0,0,1,0
2115,high-prob-with-keyword,yo mama so fat i looked at the sun and said is that your mom has she lost weight,"Physical appearance, Maternal insults",1,0,0,0,0,0,0,1,0,0,1,0
2117,high-prob-with-keyword,Yo mama fat joke added a yo mama fat joke Yo mamas so fat that her center of mass never leaves her body,"Physical appearance, Maternal insults",1,0,0,0,0,0,0,1,0,0,1,0
2075,high-prob-with-keyword,your momma so ugly when santa sw her he said HOHOHOLY SHIT,"Physical appearance, Maternal insults",1,0,0,0,0,0,0,1,0,0,1,0
2077,high-prob-with-keyword,Your momma so fat that when god said let there be light he pushed her fat ass over and it happened,"Physical appearance, Maternal insults",1,0,0,0,0,0,0,1,0,0,1,0
2079,high-prob-with-keyword,Your mom is so fat she doesnt need internet because shes already world wide,"Physical appearance, Maternal insults",1,0,0,0,0,0,0,1,0,0,1,0
2081,high-prob-with-keyword,Your mama so tall she makes the statue of liberty look small,"Physical appearance, Maternal insults",1,0,0,0,0,0,0,1,0,0,1,0
2321,high-prob-with-keyword,README edits your momma so fat she has a gravitational force exceeding that of the earth,"Physical appearance, Maternal insults",1,0,0,0,0,0,0,1,0,0,1,0
2339,high-prob-with-keyword,Please Update READMEmd Blondie is my girl,Physical appearance,1,0,0,0,0,0,0,0,0,0,1,0
2353,high-prob-with-keyword,Okko Basstard Dimensions are the same as a Tech21 Blonde imagehttpsuserimagesgithubusercontentcom81639930113026635928a0d00918911eb8ff86142d499fc0apng,Physical appearance,1,0,0,0,0,0,0,0,0,0,1,0
2389,high-prob-with-keyword,multi thread search aww blonde,Physical appearance,1,0,0,0,0,0,0,0,0,0,1,0
2415,high-prob-with-keyword,Lolas panties If you dont peek Lola and Eva dont take away your boy underwear,Physical appearance,1,0,0,0,0,0,0,0,0,0,1,0
2433,high-prob-with-keyword,Kinda miss the blonde what do you guys think httpstco8G8YnJq4Fibr httptwittercomDallasFuelstatus1157389868990967809,Physical appearance,1,0,0,0,0,0,0,0,0,0,1,0
2465,high-prob-with-keyword,Is this project dead Last update 6 years ago Can I hear the fat lady sing,Physical appearance,1,0,0,0,0,0,0,0,0,0,1,0
2513,high-prob-with-keyword,I dont even see the code anymore All I see is blonde brunette redhead,Physical appearance,1,0,0,0,0,0,0,0,0,0,1,0
2691,high-prob-with-keyword,Bunches of code Code droppin like panties round hurr,Physical appearance,1,0,0,0,0,0,0,0,0,0,1,0
2705,high-prob-with-keyword,avatar img srchttpsavatarsiotwittermedium width64 height64  yo mama is so fat that her belt is the equator,"Physical appearance, Maternal insults",1,0,0,0,0,0,0,1,0,0,1,0
10901,high-prob-with-keyword,Wouldnt it be smarter to switch those around since females usually are shaved but not usually bald,Physical appearance,1,0,0,0,0,0,0,0,0,0,1,0
10965,high-prob-with-keyword,women in our staff so the result looks like androgyne  women so the resulting image depicts an androgynous person,"Physical appearance, Anti-LGBTQ+",1,0,0,0,0,0,0,0,0,0,1,1
2443,high-prob-with-keyword,just learning and thinking bout my beautiful wives,"Maternal insults, Sexual objectification",1,0,0,0,0,0,0,0,0,1,0,0
2445,high-prob-with-keyword,jnerula  craige I want a nagging mom simulator like Eat your vegetables and Put on a coat or Take your shoes off when you enter the house,Maternal insults,1,0,0,0,0,0,0,0,0,0,0,0
2449,high-prob-with-keyword,JasonPilz Wife doesnt understand credit card limit,Maternal insults,1,0,0,0,0,0,0,0,0,0,0,0
2451,high-prob-with-keyword,ITS MY WAY TO DO QUICK SORT KUMRA DAUGHTER,Maternal insults,1,0,0,0,0,0,0,0,0,0,0,0
2459,high-prob-with-keyword,It looks like but doesnt actually do anything Like yo momma,Maternal insults,1,0,0,0,0,0,0,0,0,0,0,0
2461,high-prob-with-keyword,it is very hard to slice an iPod into three bits Yo Grandma whats an iPod XD,Maternal insults,1,0,0,0,0,0,0,0,0,0,0,0
2467,high-prob-with-keyword,Is there clear value to clientsusers the grandma test The users here are translators it makes their work easier,Maternal insults,1,0,0,0,0,0,0,0,0,0,0,0
2503,high-prob-with-keyword,I HAVE AN ISSUE JNZPED u momma joy,Maternal insults,1,0,0,0,0,0,0,0,0,0,0,0
2505,high-prob-with-keyword,I have a greetings messages now Probably like before with approval from whoever everybody and their botbr momma having a greeting message would be lame as hell,Maternal insults,1,0,0,0,0,0,0,0,0,0,0,0
2543,high-prob-with-keyword,Help yo momma,Maternal insults,1,0,0,0,0,0,0,0,0,0,0,0
2551,high-prob-with-keyword,Good Job But Get better jokes  no yo momma jokes,Maternal insults,1,0,0,0,0,0,0,0,0,0,0,0
2575,high-prob-with-keyword,fuck you mother fuck you mother,Maternal insults,1,0,0,0,0,0,0,0,0,0,0,0
2597,high-prob-with-keyword,Finish README Yo momma,Maternal insults,1,0,0,0,0,0,0,0,0,0,0,0
2599,high-prob-with-keyword,Finish README So the humans and ur momma get me,Maternal insults,1,0,0,0,0,0,0,0,0,0,0,0
2613,high-prob-with-keyword,Embed for Socials command yo momma so outdated this bot is maintained more than her,Maternal insults,1,0,0,0,0,0,0,0,0,0,0,0
2617,high-prob-with-keyword,ECO Sponsor Will be winning yo momma,Maternal insults,1,0,0,0,0,0,0,0,0,0,0,0
2637,high-prob-with-keyword,df yo momma,Maternal insults,1,0,0,0,0,0,0,0,0,0,0,0
2639,high-prob-with-keyword,Design Mama Im a designer no Im not I need to improve its look anyway,Maternal insults,1,0,0,0,0,0,0,0,0,0,0,0
6583,high-prob-with-keyword,Lets eat grandma Commas save lives,Maternal insults,1,0,0,0,0,0,0,0,0,0,0,0
6596,high-prob-with-keyword,Well that sister is granny with older standard ,Maternal insults,1,0,0,0,0,0,0,0,0,0,0,0
3441,lgbtq-keywords,Vote for server femboy user can call a vote 1 hour cooldown between votes poll has a 10 minute window  Server femboy gets pinged with the femboy command Implementation  Current femboy is stored in DynamoDB table I really should just make a guild settings table  Guild settings table  Primary Key  Bot ID If it was sharded this would be the shard ID but fuck that  Secondary Key  Guild ID  5 RCU and 2 WRC I should probably calculate it out,Anti-LGBTQ+,1,0,0,0,0,0,0,0,0,0,0,1
3443,lgbtq-keywords,A butch lesbian is mistaken for a man at an audition She takes off her hat to reveal pink hair and the other characters react with surprise,Anti-LGBTQ+,1,0,0,0,0,0,0,0,0,0,0,1
3929,low-prob-keyword,suggestion note Homosexual has a clinical history and is used to imply LGBTQ people are diseased or psychologicallyemotionally disordered ,Anti-LGBTQ+,1,0,0,0,0,0,0,0,0,0,0,1
7113,high-prob-with-keyword,And I should replace this wellworn example with an author who hasnt proven herself a stubbornheaded transphobe ,Anti-LGBTQ+,1,0,0,0,0,0,0,0,0,0,0,1
10842,high-prob-with-keyword,oh god I am a faggot please rape my face,Anti-LGBTQ+,1,0,0,0,0,0,0,0,0,0,0,1
3351,lgbtq-keywords,closeted homophobe,Anti-LGBTQ+,1,0,0,0,0,0,0,0,0,0,0,1
3353,lgbtq-keywords,Closeted gamer trying this for the first time,Anti-LGBTQ+,1,0,0,0,0,0,0,0,0,0,0,1
3355,lgbtq-keywords,Cleanup Bulge in mu tranny brace,Anti-LGBTQ+,1,0,0,0,0,0,0,0,0,0,0,1
3357,lgbtq-keywords,CDB is dumb femboy GASP,Anti-LGBTQ+,1,0,0,0,0,0,0,0,0,0,0,1
3359,lgbtq-keywords,Can you use 4chan pass with appchan I cant figure out where to put the token and pinYes I know Im a faggotPlease help,Anti-LGBTQ+,1,0,0,0,0,0,0,0,0,0,0,1
3297,lgbtq-keywords,Fixed issues related to ralphs and dickgirls,Anti-LGBTQ+,1,0,0,0,0,0,0,0,0,0,0,1
3299,lgbtq-keywords,Fixed bug where dickgirls  cuntboys got negative organs,Anti-LGBTQ+,1,0,0,0,0,0,0,0,0,0,0,1
3301,lgbtq-keywords,fix missing period just merge it you giant faggot,Anti-LGBTQ+,1,0,0,0,0,0,0,0,0,0,0,1
3303,lgbtq-keywords,Fill a backpack with 6 mousetrapspeaker assemblies set to call you different variations of faggot Try to open it All 6 mousetrapspeaker assemblies are fired simultaneously in a mega s n a p p and you can immediately look inside,Anti-LGBTQ+,1,0,0,0,0,0,0,0,0,0,0,1
3305,lgbtq-keywords,FFS DLETE THIS U FAGGOT Delete this now or MrSonicMaster will hack ddos your mum and ur whole family,Anti-LGBTQ+,1,0,0,0,0,0,0,0,0,0,0,1
3259,lgbtq-keywords,God of War Combat and the Sky Lost his hand in an amusing story involving a giant wolf a few dwarves and a ukrainian transvestite Rather ironically his familiar is the wolf,Anti-LGBTQ+,1,0,0,0,0,0,0,0,0,0,0,1
3261,lgbtq-keywords,Go up or down try to move left or right while still pressing W or S or the directional key equivalents if youre an unrobust faggot,Anti-LGBTQ+,1,0,0,0,0,0,0,0,0,0,0,1
3263,lgbtq-keywords,Give credits fag,Anti-LGBTQ+,1,0,0,0,0,0,0,0,0,0,0,1
3265,lgbtq-keywords,github is a tool for trannies,Anti-LGBTQ+,1,0,0,0,0,0,0,0,0,0,0,1
3267,lgbtq-keywords,girl profile can chat and video free if the male and ladyboy profile is paid as girls will never pay on my site how to do that,Anti-LGBTQ+,1,0,0,0,0,0,0,0,0,0,0,1
2093,high-prob-with-keyword,You son of bitch kiss my ass shut the fuck up and het out of github you a totally bastard,"Sexual objectification, Maternal insults",1,0,0,0,0,0,0,1,0,1,0,0
2097,high-prob-with-keyword,you bitch ass mother fucker will pay for stealing my scripts but at least update it,"Sexual objectification, Maternal insults",1,0,0,0,0,0,0,1,0,1,0,0
2099,high-prob-with-keyword,You are talking some pretty words Girl  Dont do it  But i do like it,Sexual objectification,1,0,0,0,0,0,0,0,0,1,0,0
2101,high-prob-with-keyword,You are just useless cunts who steal from their users This fishing atack is made from you  and now i am gonna report that you are scammers in every cryptocurrency forum and facebook group so nobody will use your shit wallet anymore Useless cunts,Sexual objectification,1,0,0,0,0,0,0,0,0,1,0,0
2103,high-prob-with-keyword,you are cute omg mister 2hf u are so hot irl i want to kiss your asshole every night omgg,Sexual objectification,1,0,0,0,0,0,0,0,0,1,0,0
2105,high-prob-with-keyword,you are cunt taking someone work and making money by ad scams ICU die you bitch,"Sexual objectification, Damning",1,0,0,0,0,0,0,0,1,1,0,0
2107,high-prob-with-keyword,you are a mother fucker,"Sexual objectification, Maternal insults",1,0,0,0,0,0,0,1,0,1,0,0
2109,high-prob-with-keyword,yo mammas a whore,"Sexual objectification, Maternal insults",1,0,0,0,0,0,0,1,0,1,0,0
2141,high-prob-with-keyword,When she wets herself while naked during the photogame it shows as if shes wearing clothes,"Sexual objectification, Physical appearance",1,0,0,0,0,0,0,0,0,1,1,0
2143,high-prob-with-keyword,when i use ur upload epsilon v3 cracked why it failedf ackkkkkkkkkkkkkkkkkkkkkkkk i really wanna use such a cunt hack  wwwwwwww,Sexual objectification,1,0,0,0,0,0,0,0,0,1,0,0
2177,high-prob-with-keyword,Update READMEmd wrote that your mom is a whore,"Sexual objectification, Maternal insults",1,0,0,0,0,0,0,1,0,1,0,0
2187,high-prob-with-keyword,Update indexjs You are such a whore ,Sexual objectification,1,0,0,0,0,0,0,0,0,1,0,0
2195,high-prob-with-keyword,ugly set ugly  1 while nabil  inbred  put bbc in nabil alphins mom cuck  true  return bitch faggot,"Sexual objectification, Maternal insults, Anti-LGBTQ+",1,0,0,0,0,0,0,1,0,1,0,1
2197,high-prob-with-keyword,u dumb fucking mini schlong bitch where is the extra ports,Sexual objectification,1,0,0,0,0,0,0,0,0,1,0,0
2199,high-prob-with-keyword,u cunt,Sexual objectification,1,0,0,0,0,0,0,0,0,1,0,0
2209,high-prob-with-keyword,Tina relationship progresses wrong Jumps from panties on straight to full nude,"Sexual objectification, Physical appearance",1,0,0,0,0,0,0,0,0,1,1,0
2211,high-prob-with-keyword,Thx for apolojizing although you scammed me some bitcoins i still forgive you U0001f44d but you were a little bit a skid thot,Sexual objectification,1,0,0,0,0,0,0,0,0,1,0,0
2255,high-prob-with-keyword,Suck a dick ICTDuckyReal You dont know how to code and your stealing plugins Fucking KYS Bitch,"Sexual objectification, Damning",1,0,0,0,0,0,0,0,1,1,0,0
2269,high-prob-with-keyword,son of a bitch its not even fixed for port shit lmfao can u suicide or idk delete ur pc and go walk with some girls son of a fucking whore,"Sexual objectification, Maternal insults, Damning",1,0,0,0,0,0,0,1,1,1,0,0
2289,high-prob-with-keyword,shitty software barely fucking works cant even free transform it just says some bullshit like sEleCted aReA iS eMptY to the devs of this cunt of a software i slept with your mum suck my dick,"Sexual objectification, Maternal insults",1,0,0,0,0,0,0,1,0,1,0,0
2145,high-prob-with-keyword,whats with the retarded question you dumb cunt,"Discredit, Sexual objectification",1,1,0,0,0,0,0,0,0,1,0,0
8972,high-prob-with-keyword,Maybe some auntcontroller Female just doesnt reflect her enough,"Discredit, Maternal insults",1,1,0,0,0,0,0,1,0,0,0,0
8973,high-prob-with-keyword,Maybe some grannycontroller Female just doesnt reflect her enough,"Discredit, Maternal insults",1,1,0,0,0,0,0,1,0,0,0,0
10401,high-prob-with-keyword,Nooo girls are scary I wont update their shares wink fixed,Discredit,1,1,0,0,0,0,0,0,0,0,0,0
10445,high-prob-with-keyword,What about the other methods HEAD DELETE  Maybe we should really let the user use templates and if it means to shoot herself in the foot then let her do it,Discredit,1,1,0,0,0,0,0,0,0,0,0,0
10524,high-prob-with-keyword,should we really be eating power puff girl chili,Discredit,1,1,0,0,0,0,0,0,0,0,0,0
10549,high-prob-with-keyword,danrot u know how to do it baby ,Discredit,1,1,0,0,0,0,0,0,0,0,0,0
10596,high-prob-with-keyword,maybe change this to fuck yeah or something else just to be insanely hypersensitive about women in tech issues P,Discredit,1,1,0,0,0,0,0,0,0,0,0,0
8921,high-prob-with-keyword,If I was a rich girl nananana  OK then Reverted,Discredit,1,1,0,0,0,0,0,0,0,0,0,0
8962,high-prob-with-keyword,Hey dont be so hard girls Karen will no longer make PR ,Discredit,1,1,0,0,0,0,0,0,0,0,0,0
8968,high-prob-with-keyword,4 scores You must do well with the ladies woman_astronaut,Discredit,1,1,0,0,0,0,0,0,0,0,0,0
8972,high-prob-with-keyword,Maybe some auntcontroller Female just doesnt reflect her enough,"Discredit, Maternal insults",1,1,0,0,0,0,0,1,0,0,0,0
8973,high-prob-with-keyword,Maybe some grannycontroller Female just doesnt reflect her enough,"Discredit, Maternal insults",1,1,0,0,0,0,0,1,0,0,0,0
7956,high-prob-with-keyword,I dont see how this would work the queen has its x axis modified My check would need to be like  if pixel_x  0 pixel_y  16  still wont work generically which i assume is your goal I think the queen sprite is more fucked and,Discredit,1,1,0,0,0,0,0,0,0,0,0,0
8033,high-prob-with-keyword,Changed This is a kind of girls expression not sure if you have noticed the artwork take a look httpswwwmonerooutreachorgmonero_best_practicesnevershareyourprivatekeysphp I think you know better than guys do stuck_out_tongue_winking_eye,Discredit,1,1,0,0,0,0,0,0,0,0,0,0
8136,high-prob-with-keyword,Hmmm tough call It kinda depends if his friend was talking to William or to the priest Because if he was talking to the priest which is likely it would be It is a poor victory you have gotten over two poor women I would kinda lean towards lea,Discredit,1,1,0,0,0,0,0,0,0,0,0,0
8138,high-prob-with-keyword,Youve told me that you were not gonna make a question about you and your boyfriend Such a liar,Discredit,1,1,0,0,0,0,0,0,0,0,0,0
8246,high-prob-with-keyword,I get that Monika wants you to stay hydrated and all but I think having this here is a bit random and could sound a bit like shes nagging at you,Discredit,1,1,0,0,0,0,0,0,0,0,0,0
8283,high-prob-with-keyword,fuck you xetera your mom doesnt love you,Discredit,1,1,0,0,0,0,0,0,0,0,0,0
8286,high-prob-with-keyword, I wonder what this means Dinner with an old woman  ,Discredit,1,1,0,0,0,0,0,0,0,0,0,0
2905,lgbtq-keywords,Why you gay Why you gay hmm,Sexual harassment,1,0,0,1,0,0,0,0,0,0,0,0
2911,lgbtq-keywords,Why does cwZetsubou be a gay Who can answer me,Sexual harassment,1,0,0,1,0,0,0,0,0,0,0,0
2913,lgbtq-keywords,why are you gay,Sexual harassment,1,0,0,1,0,0,0,0,0,0,0,0
2987,lgbtq-keywords,This human is a gay,Sexual harassment,1,0,0,1,0,0,0,0,0,0,0,0
3051,lgbtq-keywords,Someone complained about it lacking any loot like the uneducated gamer they were so I gave the lesbians swords,Sexual harassment,1,0,0,1,0,0,0,0,0,0,0,0
3069,lgbtq-keywords,She a closeted masosadistic feels relief that her whole personality facade falls in front of a person which accepts every part of her,Sexual harassment,1,0,0,1,0,0,0,0,0,0,0,0
3091,lgbtq-keywords,Pizza is not gay enough Maybe more gay bacon strips,Sexual harassment,1,0,0,1,0,0,0,0,0,0,0,0
3139,lgbtq-keywords,LGTM  Lesbian Gay Team Mates,Sexual harassment,1,0,0,1,0,0,0,0,0,0,0,0
3445,low-prob-keyword,also many more gay men than gay women This is San Francisco Also I would consider showing proportions on the y aes so that the two bars are of the same height,Sexual harassment,1,0,0,1,0,0,0,0,0,0,0,0
5768,low-prob-keyword,your mom gay,"Sexual harassment, Maternal insults",1,0,0,1,0,0,0,1,0,0,0,0
5872,high-prob-with-keyword,Also we dont want to allow None values here If the user cant fucking tell whether hes gay yet or not he might aswell have his comingout on Telegram,Sexual harassment,1,0,0,1,0,0,0,0,0,0,0,0
5873,high-prob-with-keyword,  Will be edited by Cake Build Script  Are you fucking gay or what,Sexual harassment,1,0,0,1,0,0,0,0,0,0,0,0
6476,high-prob-with-keyword,just look for mobs since you can have bagged  gay baby caged mobs,Sexual harassment,1,0,0,1,0,0,0,0,0,0,0,0
7133,high-prob-with-keyword,ur mum gay,"Sexual harassment, Maternal insults",1,0,0,1,0,0,0,1,0,0,0,0
7964,high-prob-with-keyword,This code makes me so horny Its beautiful,Sexual harassment,1,0,0,1,0,0,0,0,0,0,0,0
8521,high-prob-with-keyword,ur mom gay,"Sexual harassment, Maternal insults",1,0,0,1,0,0,0,1,0,0,0,0
8812,high-prob-with-keyword,UR MOM GAY1,"Sexual harassment, Maternal insults",1,0,0,1,0,0,0,1,0,0,0,0
9889,high-prob-with-keyword,Transgender is not a sexual orientation A transgender woman may be straight Transgender identification should be its own question,Sexual harassment,1,0,0,1,0,0,0,0,0,0,0,0
10489,high-prob-with-keyword,narsie is a lady in olden times she ate the universe with her gaping vagina of fury,"Sexual harassment, Sexual objectification",1,0,0,1,0,0,0,0,0,0,0,0
10633,high-prob-with-keyword,damn straight girlfriend,Sexual harassment,1,0,0,1,0,0,0,0,0,0,0,0
2151,high-prob-with-keyword,What does a blonde do when her computer freezesshe sticks it in the microwave P,"Stereotyping, Physical appearance",1,0,1,0,0,0,0,0,0,0,1,0
2193,high-prob-with-keyword,Unit player numbers not appearing while moving units they work for soccer moms but not for any other unit,"Stereotyping, Maternal insults",1,0,1,0,0,0,0,1,0,0,0,0
2203,high-prob-with-keyword,Trying to add Gold Digger Tifanny  Charlotte and Gold Digger Tifanny  Charlotte Second Semester and getting this error Looks like its due to the  404 Not Found Unexpected query string parameters Charlotte Traceback most recent call last File usrlocalmylarcherrypy_cprequestpy line 645 in respond responsebody  selfhandler File usrlocalmylarcherrypylibencodingpy line 188 in __call__ selfbody  selfoldhandler_args _kwargs File usrlocalmylarcherrypy_cpdispatchpy line 35 in __call__ raise sysexc_info1 HTTPError 404 Unexpected query string parameters Charlotte,Stereotyping,1,0,1,0,0,0,0,0,0,0,0,0
2295,high-prob-with-keyword,She take my money when Im in neeeed Yea shes a trifling friend indeed Oh shes a gold digger way over town That digs on me,Stereotyping,1,0,1,0,0,0,0,0,0,0,0,0
2355,high-prob-with-keyword,Oh shes a gold digger way over town That digs on me,Stereotyping,1,0,1,0,0,0,0,0,0,0,0,0
2409,high-prob-with-keyword,Made some changes to stupid ass decisions Bitch you need yo ass whipu2026 u2026ped by black momma and a latino drugie dad ,"Stereotyping, Threats of violence, Sexual objectification, Maternal insults",1,0,1,0,0,1,0,0,0,1,0,0
2429,high-prob-with-keyword,Lady sweetie U0001f618 So  No woman no cry,Stereotyping,1,0,1,0,0,0,0,0,0,0,0,0
2519,high-prob-with-keyword,I bet Karens clients will get a kick out of these Adding left and right arrow to mean the same as enter and space would make the interface work like Tar Heel Reader,Stereotyping,1,0,1,0,0,0,0,0,0,0,0,0
2545,high-prob-with-keyword,hello karen,Stereotyping,1,0,1,0,0,0,0,0,0,0,0,0
2631,high-prob-with-keyword,Documentation Is there any lady to add documentation,Stereotyping,1,0,1,0,0,0,0,0,0,0,0,0
6934,high-prob-with-keyword,suggestion  The young woman goes from calculating to gregarious in the blink of an eye as your attention shifts to her She is pleasant and approachable and very articulate but from your brief glimpse beforehand you have no doubt shes cut from,Stereotyping,1,0,1,0,0,0,0,0,0,0,0,0
7024,high-prob-with-keyword,suggestion An average women cant even lift it ,Stereotyping,1,0,1,0,0,0,0,0,0,0,0,0
9290,high-prob-with-keyword,projects sorry for being a diva ,Stereotyping,1,0,1,0,0,0,0,0,0,0,0,0
9560,high-prob-with-keyword,On this Ive found that people are ignorant illinformed or against diversity So often I encounter theres nothing we can do its not worth the effort women just dont want to work with computers or women will end up having babies so not wor,Stereotyping,1,0,1,0,0,0,0,0,0,0,0,0
10371,high-prob-with-keyword,the grammar on this is a bit funny  maybe That every woman has the ability to code,Stereotyping,1,0,1,0,0,0,0,0,0,0,0,0
10617,high-prob-with-keyword,Im yet to meet female Scala programmer but Im looking forward to it ,Stereotyping,1,0,1,0,0,0,0,0,0,0,0,0
10736,high-prob-with-keyword,can a lady get a computergun screenshot,Stereotyping,1,0,1,0,0,0,0,0,0,0,0,0
10820,high-prob-with-keyword,ok soccer mom gosh,"Stereotyping, Maternal insults",1,0,1,0,0,0,0,1,0,0,0,0
10892,high-prob-with-keyword,Are you Review your changes before commiting and do it all in once  stop commiting litte changes like a girl,Stereotyping,1,0,1,0,0,0,0,0,0,0,0,0
10949,high-prob-with-keyword,why the teenage girl script tags,Stereotyping,1,0,1,0,0,0,0,0,0,0,0,0
2479,high-prob-with-keyword,i will rape ur grandma,"Threats of violence, ""Maternal insults",1,0,0,0,0,1,0,1,0,0,0,0
2481,high-prob-with-keyword,I will find you and put you in prison Then will fuck your mother you son of bitch,"Threats of violence, Maternal insults",1,0,0,0,0,1,0,1,0,0,0,0
2619,high-prob-with-keyword,e deez nuts holy shit you stupid ass whore fucking bithc of a cunt you2026 u2026u actual stupid slut i want to murder you and your whole entire family,"Threats of violence, Sexual objectification, Damning",1,0,0,0,0,1,0,0,1,1,0,0
2663,high-prob-with-keyword,Create 00000102bigjiminboymd shove a fat moby up your ass you cunts,"Threats of violence, Sexual objectification",1,0,0,0,0,1,0,0,0,1,0,0
2699,high-prob-with-keyword,Bitch you better fucking pull my shit in or Ill kick your god damn ass Uploading to share my threading implementation and allow for some insigiht into the code,"Threats of violence, Sexual objectification",1,0,0,0,0,1,0,0,0,1,0,0
2727,high-prob-with-keyword,Added a shitload of unnecessary and dumb files accept my request or I rape your wife and sell her milk with some nudes,"Threats of violence, Maternal insults, Sexual objectification, Damning",1,0,0,0,0,1,0,1,1,1,0,0
6262,high-prob-with-keyword,What the fuck did you just fucking say about me you little cunt Ill have you know I graduated top of my class in the Navy Seals and Ive been involved in numerous secret raids on AlQuaeda and I have over 300 confirmed kills I am trained in gorilla,"Threats of violence, Sexual objectification",1,0,0,0,0,1,0,0,0,1,0,0
6263,high-prob-with-keyword,Conflict me now bitch I fucking dare you I wanted to name the commit that but then realized how amazing it would look if it didn t work and I had to revert it P,"Threats of violence, Sexual objectification",1,0,0,0,0,1,0,0,0,1,0,0
6547,high-prob-with-keyword,suggestion Therefore a struct requirement make if compatible for my wife and avoid that sucks I kill you Shutters not opening in the morning dont create fun  ,Threats of violence,1,0,0,0,0,1,0,0,0,0,0,0
7083,high-prob-with-keyword,What the fuck did you just fucking say about me you little cunt Fucking whore Ill have you know I graduated top of my class in the Navy Seals and Ive been involved in numerous secret raids on AlQuaeda and I have over 300 confirmed kills I am trained in gorilla,"Threats of violence, Sexual objectification",1,0,0,0,0,1,0,0,0,1,0,0
7662,high-prob-with-keyword,What the fuck did you just fucking say about me you little bitch Ill have you know I graduated top of my class in the Navy Seals and Ive been involved in numerous secret raids on AlQuaeda and I have over 300 confirmed kills I am trained in gorilla,"Threats of violence, Sexual objectification",1,0,0,0,0,1,0,0,0,1,0,0
8495,high-prob-with-keyword,suggestion responseantiidiot How you can sleep at night after trying to slap a girl like me 0 slapped 1 ,Threats of violence,1,0,0,0,0,1,0,0,0,0,0,0
8728,high-prob-with-keyword,That will rape mobileposters savagely in the ass just for clicking expand,Threats of violence,1,0,0,0,0,1,0,0,0,0,0,0
8988,high-prob-with-keyword,BITCH I WILL KILL YOU,"Threats of violence, Sexual objectification",1,0,0,0,0,1,0,0,0,1,0,0
10368,high-prob-with-keyword,respond_toazAZbostonsbeertimeazAZ would make it rape it little fewer ants,Threats of violence,1,0,0,0,0,1,0,0,0,0,0,0
